id,title,original_language,overview,popularity,vote_average,vote_count,age,genero_ação,genero_aventura,genero_animação,genero_comédia,genero_crime,genero_documentário,genero_drama,genero_família,genero_fantasia,genero_história,genero_terror,genero_música,genero_mistério,genero_romance,genero_ficção_científica,genero_cinema_tv,genero_thriller,genero_guerra,genero_faroeste,num_genres
980431,Avatar Aang: O Último Mestre do Ar,en,"O Avatar Aang, o último mestre do ar do mundo, toma conhecimento de um poder antigo que poderia salvar sua cultura da extinção. Com a ajuda de seus amigos, ele embarca em uma busca global para encontrá-lo antes que caia em mãos erradas e ameace destruir a paz que eles sacrificaram tudo para alcançar.",2.5129857034061374,9.146,-0.7986226185963836,0,1,1,1,0,0,0,0,0,1,0,0,0,0,0,0,0,0,0,0,4
1007757,Como Mágica,en,Uma pequena criatura da floresta e um pássaro majestoso trocam de corpo e precisam se unir para sobreviver à aventura mais incrível de suas vidas.,0.6015216821867491,8.867,-0.6959331624314642,0,0,1,1,0,0,0,0,1,1,0,0,0,0,0,0,0,0,0,0,4
1632181,Socias por accidente,es,,-0.25601551042204357,8.859,-0.8682019230071936,0,0,0,0,1,0,0,0,0,0,0,0,0,0,1,0,0,0,0,0,2
1621552,A Captura,es,Dois policiais mexicanos precisam sobreviver às últimas horas de seu turno após cruzarem o caminho de um chefe de cartel implacável.,4.234266679233887,8.8,-0.8452647454152162,0,1,0,0,0,1,0,0,0,0,0,0,0,0,0,0,0,1,0,0,3
1311031,Demon Slayer: Kimetsu no Yaiba Castelo Infinito,ja,"Enquanto os membros dos caçadores e os Hashira participavam de um rigoroso programa de fortalecimento coletivo, conhecido como Treinamento dos Hashira, em preparação para a batalha final contra os demônios, Muzan Kibutsuji aparece na Mansão Ubuyashiki. Com a vida do líder da organização em risco, Tanjiro e os Hashira correm até o quartel-general, mas acabam sendo lançados, pelas mãos de Muzan, em uma queda profunda rumo a um espaço misterioso para um confronto final, o Castelo Infinito.",1.6070621893456136,8.786,-0.7014995067843289,1,1,0,1,0,0,0,0,0,1,0,0,0,0,0,0,0,0,0,0,3
278,Um Sonho de Liberdade,en,"Em 1946, Andy Dufresne, um banqueiro jovem e bem sucedido, tem a sua vida radicalmente modificada ao ser condenado por um crime que nunca cometeu, o homicídio de sua esposa e do amante dela. Ele é mandado para uma prisão que é o pesadelo de qualquer detento, a Penitenciária Estadual de Shawshank, no Maine. Lá ele irá cumprir a pena perpétua. Andy logo será apresentado a Warden Norton, o corrupto e cruel agente penitenciário, que usa a Bíblia como arma de controle e ao Capitão Byron Hadley que trata os internos como animais. Andy faz amizade com Ellis Boyd Redding, um prisioneiro que cumpre pena há 20 anos e controla o mercado negro da instituição.",2.1111433525454464,8.73,2.099715303067698,32,0,0,0,0,1,0,1,0,0,0,0,0,0,0,0,0,0,0,0,2
238,O Poderoso Chefão,en,"Em 1945, Don Corleone é o chefe de uma mafiosa família italiana de Nova York. Ele costuma apadrinhar várias pessoas, realizando importantes favores para elas, em troca de favores futuros. Com a chegada das drogas, as famílias começam uma disputa pelo promissor mercado. Quando Corleone se recusa a facilitar a entrada dos narcóticos na cidade, não oferecendo ajuda política e policial, sua família começa a sofrer atentados para que mudem de posição. É nessa complicada época que Michael, um herói de guerra nunca envolvido nos negócios da família, vê a necessidade de proteger o seu pai e tudo o que ele construiu ao longo dos anos.",1.1753440463953182,8.686,1.3538251597838158,54,0,0,0,0,1,0,1,0,0,0,0,0,0,0,0,0,0,0,0,2
936075,Michael,en,"A história da vida de Michael Jackson além da música, traçando sua jornada desde a descoberta de seu talento extraordinário como líder dos Jackson Five até o artista visionário cuja ambição criativa impulsionou uma busca implacável para se tornar o maior artista do mundo.",1.1938586217747915,8.644,-0.4908421644647045,0,0,0,0,0,0,0,1,0,0,0,0,1,0,0,0,0,0,0,0,2
687163,Devoradores de Estrelas,en,"O professor de ciências Ryland Grace acorda em uma espaçonave a anos-luz de casa, sem nenhuma lembrança de quem é ou como chegou ali. À medida que sua memória retorna, ele começa a descobrir sua missão: resolver o enigma de uma substância misteriosa que está fazendo o Sol morrer. Ele precisará recorrer ao seu conhecimento científico e a ideias nada convencionais para salvar tudo na Terra da extinção… mas uma amizade inesperada pode significar que ele não terá que fazer isso sozinho.",2.6854593308703385,8.6,-0.16645864872879074,0,0,1,0,0,0,0,0,0,0,0,0,0,0,0,1,0,0,0,0,2
240,O Poderoso Chefão: Parte II,en,"Após a máfia matar sua família, o jovem Vito foge da sua cidade na Sicília e vai para a América. Vito luta para manter sua família. Ele mata Black Hand Fanucci, que exigia dos comerciantes uma parte dos seus ganhos. Com a morte de Fanucci, o poderio de Vito cresce, mas sua família é o que mais importa para ele. Agora baseado no Lago Tahoe, Michael planeja fazer incursões em Las Vegas e Havana instalando negócios ligados ao lazer, mas descobre que aliados como Hyman Roth estão tentando matá-lo.",0.13800588890706503,8.6,0.46896835058703323,52,0,0,0,0,1,0,1,0,0,0,0,0,0,0,0,0,0,0,0,2
389,12 Homens e uma Sentença,en,"Um jovem porto-riquenho é acusado do brutal crime de ter matado o próprio pai. Quando ele vai a julgamento, doze jurados se reúnem para decidir a sentença, levando em conta que o réu deve ser considerado inocente até que se prove o contrário. Onze dos jurados têm plena certeza de que ele é culpado, e votam pela condenação, mas um jurado acha que é melhor investigar mais para que a sentença seja correta. Para isso ele terá que enfrentar diferentes interpretações dos fatos, e a má vontade dos outros jurados, que só querem ir logo para suas casas.",0.14128720897541133,8.6,0.08882541986811181,69,0,0,0,0,0,0,1,0,0,0,0,0,0,0,0,0,0,0,0,1
424,A Lista de Schindler,en,"O alemão Oskar Schindler viu na mão de obra judia uma solução barata e viável para lucrar com negócios durante a guerra. Com sua forte influência dentro do partido nazista, foi fácil conseguir as autorizações e abrir uma fábrica. O que poderia parecer uma atitude de um homem não muito bondoso, transformou-se em um dos maiores casos de amor à vida da História, pois este alemão abdicou de toda sua fortuna para salvar a vida de mais de mil judeus em plena luta contra o extermínio alemão.",0.44042140948471964,8.57,0.8124501857405348,33,0,0,0,0,0,0,1,0,0,1,0,0,0,0,0,0,0,1,0,3
1232449,Corações Jovens,nl,"Elias desenvolve sentimentos por seu novo vizinho Alexander. Ele logo percebe que está se apaixonando pela primeira vez. As interações com seus amigos e familiares trazem mais perguntas do que respostas. Confuso com seus sentimentos, Elias tenta resolver seu caos interior para provar que merece o coração de Alexander.",-0.3922975127181094,8.566,-0.874632010449296,2,0,0,0,0,0,0,1,0,0,0,0,0,0,1,0,0,0,0,0,2
1218925,Chainsaw Man – O Filme: Arco da Reze,ja,"Denji trabalhava como Caçador de Demônios para a yakuza, tentando pagar a dívida que herdou de seus pais, até que um dia, ele é traído e morre. Em seus últimos momentos de consciência, ele forma um pacto com Pochita e essa fusão cria o Homem-Motosserra. Agora, em uma guerra brutal contra demônios, caçadores e inimigos secretos, uma garota misteriosa chamada Reze entrou em seu universo e Denji precisa enfrentar sua batalha mais perigosa até hoje, movido pelo amor em um mundo onde a sobrevivência não conhece regras.",0.136618104957074,8.546,-0.7918086453368423,1,1,0,1,0,0,0,0,0,1,0,0,0,0,1,0,0,0,0,0,4
155,Batman: O Cavaleiro das Trevas,en,"Após dois anos desde o surgimento do Batman, os criminosos de Gotham City têm muito o que temer. Com a ajuda do tenente James Gordon e do promotor público Harvey Dent, Batman luta contra o crime organizado. Acuados com o combate, os chefes do crime aceitam a proposta feita pelo Coringa e o contratam para combater o Homem-Morcego.",1.0549305241338447,8.535,2.61498604152513,18,1,0,0,0,0,0,0,0,0,0,0,0,0,0,0,0,1,0,0,2
129,A Viagem de Chihiro,ja,"Chihiro e seus pais estão se mudando para uma cidade diferente. A caminho da nova casa, o pai decide pegar um atalho. Eles se deparam com uma mesa repleta de comida, embora ninguém esteja por perto. Chihiro sente o perigo, mas seus pais começam a comer. Quando anoitece, eles se transformam em porcos. Agora, apenas Chihiro pode salvá-los.",0.39775211054417664,8.534,0.9069820682848765,25,0,0,1,0,0,0,0,1,1,0,0,0,0,0,0,0,0,0,0,3
497,À Espera de um Milagre,en,"Milagres acontecem em lugares inesperados, mesmo no bloco de celas para o corredor da morte na Penitenciária Cold Mountain. Lá, John Coffey, um gentil e gigante prisioneiro com poderes sobrenaturais, traz um senso de espírito e humanidade aos seus guardas e colegas de cela.",0.4177353902205794,8.506,0.9946040061153172,27,0,0,0,0,1,0,1,0,1,0,0,0,0,0,0,0,0,0,0,3
122,O Senhor dos Anéis: O Retorno do Rei,en,"O confronto final entre as forças do bem e do mal que lutam pelo controle do futuro da Terra-Média se aproxima. Sauron planeja um grande ataque a Minas Tirith, capital de Gondor, o que faz com que Gandalf e Pippin partam para o local na intenção de ajudar a resistência. Um exército é reunido por Théoden em Rohan, em mais uma tentativa de deter as forças de Sauron. Enquanto isso, Frodo, Sam e Gollum seguem sua viagem rumo à Montanha da Perdição para destruir o Um Anel.",0.64711625166911,8.505,1.7180368290790207,23,1,1,0,0,0,0,0,0,1,0,0,0,0,0,0,0,0,0,0,3
19404,Dilwale vai levar a noiva,hi,"Raj e Simran são dois jovens indianos vivendo em Londres que, acidentalmente, se conhecem durante uma viagem pela Europa. Eles se apaixonam, mas Simran está prometida a um indiano. Raj não desanima e segue seu amor até a Índia, onde os dois tentam convencer a todos que precisam ficar juntos.",-0.34432793105311055,8.5,-0.46099504215882603,31,0,0,0,1,0,0,1,0,0,0,0,0,0,1,0,0,0,0,0,3
769,Os Bons Companheiros,en,"A história real de Henry Hill, um garoto meio irlandês e meio siciliano do Brooklyn que é adotado por gangsters do bairro ainda jovem e sobe na hierarquia de uma família da máfia sob a orientação de Jimmy Conway.",-0.041026332676482063,8.5,0.5097562186899218,36,0,0,0,0,1,0,1,0,0,0,0,0,0,0,0,0,0,0,0,2
14537,Harakiri,ja,"No século 18, o Japão não está mais em guerra e o país é governado com firmeza. Hanshiro Tsugumo, um dos muitos ronin (samurais errantes) desempregados, decide bater à porta do poderoso clã Ii. Recebido por Kageyu Saito, o intendente do clã, ele pede permissão para cometer suicídio por harakiri na residência. Tentando dissuadi-lo, Saito começa a lhe contar a história de Motome Chijiwa, outro ronin que também queria realizar o mesmo ritual no local.",-0.6004003689392253,8.5,-0.7821155284465087,64,1,0,0,0,0,0,1,0,0,1,0,0,0,0,0,0,0,0,0,3
346,Os Sete Samurais,ja,"Um bando de bandidos aterroriza os habitantes de uma pequena cidade, saqueando-os periodicamente sem piedade. Para repelir estes ataques, os aldeões decidem contratar mercenários. Por fim, obtêm os serviços de 7 guerreiros, 7 samurais dispostos a defendê-los em troca apenas de abrigo e comida.",-0.48633909391240493,8.5,-0.48585164883799814,72,1,0,0,0,0,0,1,0,0,0,0,0,0,0,0,0,0,0,0,2
496243,Parasita,ko,"Toda a família de Ki-taek está desempregada, vivendo num porão sujo e apertado. Uma obra do acaso faz com que o filho adolescente da família comece a dar aulas de inglês à garota de uma família rica. Fascinados com a vida luxuosa destas pessoas, pai, mãe, filho e filha bolam um plano para se infiltrarem também na família glamorosa, um a um. No entanto, os segredos e mentiras necessários à ascensão social custarão caro a todos.",0.43395182774700597,8.49,1.1378893874744056,7,0,0,0,1,0,0,1,0,0,0,0,0,0,0,0,0,1,0,0,3
157336,Interestelar,en,"As reservas naturais da Terra estão chegando ao fim e um grupo de astronautas recebe a missão de verificar possíveis planetas para receberem a população mundial, possibilitando a continuação da espécie. Cooper é chamado para liderar o grupo e aceita a missão sabendo que pode nunca mais ver os filhos. Ao lado de Brand, Jenkins e Doyle, ele seguirá em busca de um novo lar.",1.3558328342237536,8.487,3.0416751276085243,12,0,1,0,0,0,0,1,0,0,0,0,0,0,0,1,0,0,0,0,3
372058,Your Name.,ja,"Mitsuha é a filha do prefeito de uma pequena cidade, mas sonha em tentar a sorte em Tóquio. Taki trabalha em um restaurante em Tóquio e deseja largar o seu emprego. Os dois não se conhecem, mas estão conectados pelas imagens de seus sonhos.",-0.05348806610497366,8.486,0.34055854465370405,10,0,0,1,0,0,0,1,0,0,0,0,0,0,1,0,0,0,0,0,3
680,Pulp Fiction: Tempo de Violência,en,"Vincent Vega e Jules Winnfield são dois assassinos profissionais que trabalham fazendo cobranças para Marsellus Wallace, um poderosos gângster. Vega é forçado a sair com a garota do chefe, temendo passar dos limites. Enquanto isso, o pugilista Butch Coolidge se mete em apuros por ganhar uma luta que deveria perder.",0.4616710925907059,8.48,2.0555684340622187,32,0,0,0,1,1,0,0,0,0,0,0,0,0,0,0,0,1,0,0,3
429,Três Homens em Conflito,it,"Durante o auge da Guerra Civil, um misterioso pistoleiro vaga pela fronteira do oeste. Ele não possui um lar, lealdade ou companhia... Até que encontra dois estrangeiros, que são tão brutos e desapegados quanto ele. Unidos pelo destino, os três homens juntam suas forças para tentar encontrar uma fortuna em ouro roubado. Mas trabalho em equipe não é uma coisa natural para voluntariosos pistoleiros, e eles logo descobrem que seu maior desafio é concentrar-se em sua perigosa missão — e em manterem-se vivos — atravessando um país arrasado pela guerra.",-0.055697191576387965,8.467,0.04870935194574141,60,0,0,0,0,0,0,0,0,0,0,0,0,0,0,0,0,0,0,1,1
13,Forrest Gump: O Contador de Histórias,en,"Quarenta anos da história dos Estados Unidos, vistos pelos olhos de Forrest Gump, um rapaz com QI abaixo da média e com boas intenções. Por obra do acaso, ele consegue participar de momentos cruciais, como a Guerra do Vietnã e o Caso Watergate, mas continua pensando no seu amor de infância, Jenny Curran.",0.35939182007809595,8.462,2.016220137774726,32,0,0,0,1,0,0,1,0,0,0,0,0,0,1,0,0,0,0,0,3
1181678,¿Quieres ser mi hijo?,en,,-0.7739461910003586,8.447,-0.8688737231877117,3,0,0,0,1,0,0,0,0,0,0,0,0,0,1,0,0,0,0,0,2
120,O Senhor dos Anéis: A Sociedade do Anel,en,"Após herdar um anel de seu tio, o hobbit Frodo participa da missão de salvar a Terra-Média do perverso Sauron. Ele precisa conduzir o Um Anel até a Montanha da Perdição e destruí-lo para sempre e, para isso, conta com a aliança de oito bravos companheiros contando com um mago, três hobbits, um elfo, um anão e dois homens.",0.5143016862393485,8.445,1.8140082834387585,25,1,1,0,0,0,0,0,0,1,0,0,0,0,0,0,0,0,0,0,3
637,A Vida é Bela,it,"Durante a Segunda Guerra Mundial na Itália, o judeu Guido e seu filho Giosué são levados para um campo de concentração nazista. Afastado da mulher, ele tem que usar sua imaginação para fazer o menino acreditar que estão participando de uma grande brincadeira, com o intuito de protegê-lo do terror e da violência que os cercam.",-0.18525066702453774,8.437,0.461002719875175,29,0,0,0,1,0,0,1,0,0,0,0,0,0,0,0,0,0,0,0,2
550,Clube da Luta,en,Um homem deprimido que sofre de insônia conhece um estranho vendedor de sabonetes chamado Tyler Durden. Eles formam um clube clandestino com regras rígidas onde lutam com outros homens cansados de suas vidas mundanas. Mas sua parceria perfeita é comprometida quando Marla chama a atenção de Tyler.,0.502580373985342,8.437,2.2466475996924564,27,0,0,0,0,0,0,1,0,0,0,0,0,0,0,0,0,1,0,0,2
598,Cidade de Deus,pt,"Buscapé é um jovem morador da Cidade de Deus que cresce em meio à violência. Com medo de se tornar um bandido, enxerga na fotografia uma oportunidade de ter uma vida digna.",-0.19567320771018526,8.427,-0.09495991523078608,24,0,0,0,0,1,0,1,0,0,0,0,0,0,0,0,0,0,0,0,2
1330021,Criaturas Extraordinariamente Brilhantes,en,Uma viúva que trabalha como faxineira noturna em um aquário forma uma amizade improvável com um polvo gigante que a ajuda a desvendar o mistério do desaparecimento de seu filho décadas atrás.,-0.31685951928491923,8.422,-0.8179128809226909,0,0,0,0,0,0,0,1,0,0,0,0,0,1,0,0,0,0,0,0,2
667257,Cosas Imposibles,es,"Matilde, uma mulher na casa dos sessenta e viveu com seu marido, Porfirio, desde os 15 anos, numa relação de violência e desprezo. Miguel, seu vizinho, um jovem com tino para negócios sente pena de Matilde e pouco a pouco criarão fortes laços de amizade, o que lhes ajudará a liberar-se de de suas antigas crenças e viver a vida que sempre quiseram.",-0.8209164063806699,8.421,-0.8627315501086885,5,0,0,0,0,0,0,1,1,0,0,0,0,0,0,0,0,0,0,0,2
510,Um Estranho no Ninho,en,"Randle Patrick McMurphy é um malandro que, após ser preso, se finge de louco para ir a um hospital psiquiátrico e assim esquivar-se a uma porção de trabalhos forçados na prisão. Lá ele começa a influenciar os outros internos e começa a sofrer oposição da cruel e sádica enfermeira Mildred Ratched. Com forte poder persuasivo, McMurphy instaura uma reviravolta na clínica, não sabendo o que isto pode lhe custar.",-0.12117389030147879,8.405,0.22232171288250707,51,0,0,0,0,0,0,1,0,0,0,0,0,0,0,0,0,0,0,0,1
121,O Senhor dos Anéis: As Duas Torres,en,"Após a captura de Merry e Pippin pelos orcs, a Sociedade do Anel é dissolvida. Frodo e Sam seguem sua jornada rumo à Montanha da Perdição para destruir o anel e serão obrigados a confiar no misterioso Gollum. Enquanto isso, Aragorn, o elfo e o arqueiro Legolas e o anão Gimli partem para resgatar os hobbits sequestrados e chegam ao reino de Rohan, onde o rei Théoden foi vítima de uma maldição mortal de Saruman.",0.18050525511903767,8.4,1.4514281288676691,24,1,1,0,0,0,0,0,0,1,0,0,0,0,0,0,0,0,0,0,3
11216,Cinema Paradiso,it,"Um diretor de cinema relembra como, em sua infância, se apaixonou pelo filmes no cinema de seu vilarejo e iniciou uma profunda amizade com o projetista.",-0.4903041909123796,8.4,-0.4275010045872775,38,0,0,0,0,0,0,1,0,0,0,0,0,0,1,0,0,0,0,0,2
12477,Túmulo dos Vagalumes,ja,"Em meio aos bombardeios que devastam o Japão nos últimos meses da Segunda Guerra Mundial, dois irmãos, Seita e Setsuko, lutam para sobreviver em uma realidade marcada pela fome, pelo abandono e pela perda.",-1.0339634957997133,8.4,-0.2536967007417924,38,0,0,1,0,0,0,1,0,0,0,0,0,0,0,0,0,0,1,0,3
40096,O Auto da Compadecida,pt,"As aventuras dos nordestinos João Grilo, um sertanejo pobre e mentiroso, e Chicó, o mais covarde dos homens. Ambos lutam pelo pão de cada dia e atravessam por vários episódios enganando a todos do pequeno vilarejo de Taperoá, no sertão da Paraíba. A salvação da dupla acontece com a aparição da Nossa Senhora. Adaptação da obra de Ariano Suassuna.",-0.778522236619717,8.4,-0.7850906435316606,26,0,0,0,1,0,0,1,0,1,0,0,0,0,1,0,0,0,0,0,4
539,Psicose,en,"Marion Crane é uma secretária que rouba 40 mil dólares da imobiliária onde trabalha para se casar e começar uma nova vida. Durante a fuga à carro, ela enfrenta uma forte tempestade, erra o caminho e chega em um velho hotel. O estabelecimento é administrado por um sujeito atencioso chamado Norman Bates, que nutre um forte respeito e temor por sua mãe. Marion decide passar a noite no local, sem saber o perigo que a cerca.",-0.23464444679564994,8.4,0.17452792861135766,66,0,0,0,0,0,0,0,0,0,0,1,0,1,0,0,0,1,0,0,3
620249,A Lenda de Hei,zh,"Depois que o avanço dos humanos destrói a floresta onde ele vive, um espírito felino chamado Hei embarca numa jornada para encontrar um novo lar.",-0.6203755565809341,8.4,-0.8513109470398796,7,1,0,1,0,0,0,0,0,1,0,0,0,0,0,0,0,0,0,0,3
324857,Homem-Aranha: No Aranhaverso,en,"Miles Morales é um jovem negro do Brooklyn que se tornou o Homem-Aranha inspirado no legado de Peter Parker, já falecido. Entretanto, ao visitar o túmulo de seu ídolo em uma noite chuvosa, ele é surpreendido com a presença do próprio Peter, vestindo o traje do herói aracnídeo sob um sobretudo. A surpresa fica ainda maior quando Miles descobre que ele veio de uma dimensão paralela, assim como outras variações do Homem-Aranha.",0.8112469913639768,8.4,0.8074596701138285,8,1,1,1,0,0,0,0,0,0,0,0,0,0,0,1,0,0,0,0,4
1891,Guerra nas Estrelas: O Império Contra-Ataca,en,"As forças imperais comandadas por Darth Vader lançam um ataque contra os membros da resistência, que são obrigados a fugir. Enquanto isso Luke Skywalker tenta encontrar o Mestre Yoda, que poderá ensiná-lo a dominar a ""Força"" e torná-lo um cavaleiro jedi. No entanto, Darth Vader planeja levá-lo para o lado negro da ""Força"".",-0.3989370271843934,8.4,0.9026633528386884,46,1,1,0,0,0,0,0,0,0,0,0,0,0,0,1,0,0,0,0,3
12493,Céu e Inferno,ja,"Em um momento crucial de sua vida financeira, Gondo, um executivo de uma empresa de calçados, recebe a notícia de que seu filho foi sequestrado, e o resgate exigido é uma quantia de dinheiro semelhante à que ele precisa para fechar um negócio importante. Gondo está disposto a pagar o resgate até perceber que os sequestradores cometeram um erro e levaram, na verdade, o filho do seu motorista. Agora ele precisa decidir se o dinheiro é mais importante do que a vida do garoto.",-0.6530633307266431,8.4,-0.790081159158367,63,0,0,0,0,1,0,1,0,0,0,0,0,1,0,0,0,1,0,0,4
244786,Whiplash: Em Busca da Perfeição,en,"Andrew sonha em ser o melhor baterista de sua geração. Ele chama a atenção do impiedoso mestre do jazz Terence Fletcher, que ultrapassa os limites e transforma seu sonho em uma obsessão, colocando em risco a saúde física e mental do jovem músico.",0.04630695175663198,8.4,0.7327938786219524,12,0,0,0,0,0,0,1,0,0,0,0,1,0,0,0,0,1,0,0,3
27205,A Origem,en,"Cobb é um ladrão habilidoso que comete espionagem corporativa infiltrando-se no subconsciente de seus alvos durante o estado de sono. Impedido de retornar para sua família, ele recebe a oportunidade de se redimir ao realizar uma tarefa aparentemente impossível: plantar uma ideia na mente do herdeiro de um império. Para realizar o crime perfeito, ele conta com a ajuda do parceiro Arthur, o discreto Eames e a arquiteta de sonhos Ariadne. Juntos, eles correm para que o inimigo não antecipe seus passos.",1.0273447778625926,8.4,2.9495425314231762,16,1,1,0,0,0,0,0,0,0,0,0,0,0,0,1,0,0,0,0,3
378064,A Voz do Silêncio,ja,"Nishimiya Shouko é uma estudante com deficiência auditiva. Durante o ensino fundamental, após se transferir para uma nova escola, Shouko passa a ser alvo de bullying e em pouco tempo precisa se transferir. O que ela não esperava é que alguns anos depois, Ishida Shouya, um dos valentões que tanto a fez sofrer no passado surgisse de novo em sua vida com um novo propósito.",-0.471571130596173,8.396,-0.455524669260321,10,0,0,1,0,0,0,1,0,0,0,0,0,0,1,0,0,0,0,0,3
255709,Esperança,ko,"A história de uma menina de 8 anos que enfrenta um estupro horrível que a danifica internamente e a afeta emocionalmente, tentando superar todos os obstáculos após o incidente com o bom apoio dos que a rodeiam.",-0.5913696582209158,8.393,-0.8166652520160144,13,0,0,0,0,0,0,1,0,0,0,0,0,0,0,0,0,0,0,0,1
1383731,Vingadora,en,"Nikki é uma ex-militar que lutou nos piores campos de batalha da guerra, mas nada se compara à dor de ter sua filha sequestrada. Caçada por bandidos e policiais, ela usará cada habilidade mortal que aprendeu em combate para invadir o submundo do crime e resgatar a única coisa que importa para ela.",-0.42282471360056695,8.392,-0.8491995750439655,0,1,0,0,0,0,0,0,0,0,0,0,0,0,0,0,0,1,0,0,2
770156,Um Anjo em Nossas Vidas,en,"Quando um criminoso insensível e doente cruza o caminho de uma menina cheia de fé, uma segunda chance surge para tocar o coração durante a temporada de festas.",-0.6944379041161739,8.388,-0.8683938659159129,6,0,0,0,0,0,0,1,1,0,0,0,0,0,0,0,0,0,0,0,2
4935,O Castelo Animado,ja,"Sophie, uma jovem chapeleira, é transformada em uma mulher idosa por uma bruxa que entra em sua loja e a amaldiçoa. Ela encontra um mago chamado Howl e se vê envolvida em sua resistência em lutar pelo rei.",0.21910021459123946,8.387,0.19151487603303124,22,0,1,1,0,0,0,0,0,1,0,0,0,0,0,0,0,0,0,0,3
807,Seven - Os Sete Crimes Capitais,en,"Quando, a ponto de se aposentar, o detetive William Somerset aborda o último caso com a ajuda do recém-transferido David Mills, eles descobrem uma série de assassinatos. Logo percebem que estão lidando com um assassino que tem como alvo pessoas que ele acredita representar os sete pecados capitais.",0.29585316366217645,8.38,1.3742670795624399,31,0,0,0,0,1,0,0,0,0,0,0,0,1,0,0,0,1,0,0,3
696374,O Inferno de Gabriel,en,"O enigmático e atraente Professor Gabriel Emerson, renomado estudioso de Dante, é um homem atormentado por seu passado e orgulhoso do prestígio que conquistou, embora também tenha consciência de que é um ímã para o pecado e, principalmente, para a luxúria.",-0.8728025328374803,8.379,-0.6663739544886649,6,0,0,0,0,0,0,1,0,0,0,0,0,0,1,0,0,0,0,0,2
311,Era Uma Vez na América,en,"Depois de crescer no gueto judeu de Nova Iorque e se destacar no crime organizado da Era da Proibição, um gângster de idade retorna a Brooklyn para enfrentar seu passado.",-0.0871226083098602,8.373,-0.30945611572480003,42,0,0,0,0,1,0,1,0,0,0,0,0,0,0,0,0,0,0,0,2
423,O Pianista,en,"Um pianista judeu polonês vê Varsóvia mudar gradualmente à medida que a Segunda Guerra Mundial começa. Szpilman é forçado a ir para o Gueto de Varsóvia, mas depois é separado de sua família durante a Operação Reinhard. A partir deste momento até que os prisioneiros dos campos de concentração sejam liberados, Szpilman se esconde em vários locais entre as ruínas de Varsóvia.",-0.26358560887811755,8.371,0.09611925039945188,24,0,0,0,0,0,0,1,0,0,0,0,0,0,0,0,0,0,1,0,2
569094,Homem-Aranha: Através do Aranhaverso,en,"Miles Morales retorna para o próximo capítulo da saga do Aranhaverso, uma aventura épica que transportará o Homem-Aranha em tempo integral e amigável do bairro do Brooklyn através do Multiverso para unir forças com Gwen Stacy e uma nova equipe de Homens-Aranha para enfrentar com um vilão mais poderoso do que qualquer coisa que eles já encontraram.",0.8860012078655388,8.347,-0.019622323558391906,3,1,1,1,0,0,0,0,0,0,0,0,0,0,0,1,0,0,0,0,4
1084244,Toy Story 5,en,"O trabalho de Buzz, Woody, Jessie e do resto da gangue fica exponencialmente mais difícil quando eles enfrentam uma nova ameaça à diversão: a tecnologia.",4.995888984616763,8.346,-0.7041867075064017,0,0,1,1,1,0,0,0,1,0,0,0,0,0,0,0,0,0,0,0,4
724089,O Inferno de Gabriel - Parte 2,en,"O professor Gabriel Emerson finalmente descobre a verdade sobre a identidade de Julia Mitchell, mas sua compreensão chega um momento tarde demais. Julia acabou de esperar que o respeitado especialista em Dante se lembrasse dela e não quer mais nada com ele. Gabriel pode reconquistar seu coração antes que ela encontre o amor nos braços de outra pessoa?",-0.9201085676575856,8.344,-0.7544757495909042,6,0,0,0,0,0,0,1,0,0,0,0,0,0,1,0,0,0,0,0,2
567,Janela Indiscreta,en,"Em Greenwich Village, Nova York, L.B. Jeffries, um fotógrafo profissional, está de molho em seu apartamento por ter quebrado a perna enquanto trabalhava. Como não tem muito o que fazer, fica bisbilhotando a vida dos seus vizinhos com um binóculo. Porém vê algumas coisas que o fazem suspeitar que um assassinato foi cometido.",-0.4904983997450314,8.336,-0.1990889432111016,72,0,0,0,0,0,0,1,0,0,0,0,0,1,0,0,0,1,0,0,3
1058694,Radical: Ensinamentos de Um Professor,es,"Um professor numa cidade fronteiriça mexicana vítima de negligência, corrupção e violência, tenta um novo método radical para desbloquear a curiosidade, o potencial dos seus alunos - e talvez até a sua genialidade.",-0.8071316252797378,8.334,-0.8551498052142692,3,0,0,0,0,0,0,1,0,0,0,0,0,0,0,0,0,0,0,0,1
761053,O Inferno de Gabriel - Parte 3,en,"A parte final da adaptação para o cinema do romance erótico Gabriel's Inferno, escrito por um autor canadense anônimo sob o pseudônimo de Sylvain Reynard.",-0.7940022989890057,8.332,-0.7992944187769018,6,0,0,0,0,0,0,1,0,0,0,0,0,0,1,0,0,0,0,0,2
105,De Volta para o Futuro,en,"Marty McFly, um típico adolescente americano dos anos 80, acidentalmente é enviado de volta ao ano de 1955 em um carro modificado para ser uma máquino do tempo, inventada por um cientista louco. Durante sua fantástica e maluca viagem no tempo, McFly tem que fazer com que seus futuros pais se encontrem e se apaixonem, para que assim ele possa ir de volta para o futuro.",0.1904139516016273,8.329,1.2420184154547211,41,0,1,0,1,0,0,0,0,0,0,0,0,0,0,1,0,0,0,0,3
73,A Outra História Americana,en,"Derek busca vazão para suas agruras tornando-se líder de uma gangue de racistas. A violência o leva a um assassinato, e ele é condenado pelo crime. Três anos mais tarde, ele sai da prisão e tem que convencer seu irmão, que está prestes a assumir a liderança do grupo, a não trilhar o mesmo caminho.",-0.37248011975293027,8.324,0.33288082830492505,28,0,0,0,0,0,0,1,0,0,0,0,0,0,0,0,0,0,0,0,1
128,Princesa Mononoke,ja,"Um príncipe infectado por uma doença sabe que irá morrer, a menos que encontre a cura. Sendo a sua última esperança, segue para o leste e, durante o caminho, encontra animais da floresta lutando contra a sua exploração, liderados pela princesa Mononoke.",-0.17862329061029442,8.32,-0.014535836477325804,29,0,1,1,0,0,0,0,0,1,0,0,0,0,0,0,0,0,0,0,3
3782,Viver,ja,"Kanji Watanabe é um homem de meia-idade que trabalha no mesmo cargo burocrático e monótono há décadas. Ao descobrir que tem câncer, ele começa a procurar o sentido de sua vida.",-0.6871267507703024,8.312,-0.7714626970125779,74,0,0,0,0,0,0,1,0,0,0,0,0,0,0,0,0,0,0,0,1
10494,Perfect Blue,ja,"Mima Kirigoe é membro de uma banda de música pop japonesa (J-Pop), chamada ""CHAM!"", que decide deixar a banda para se dedicar à carreira de atriz. Alguns fãs ficam descontentes com a repentina mudança de carreira, pois Mima, sendo um ídolo pop, é vista como uma menina inocente e angelical. Conforme avança em sua nova carreira, Mima mergulha em um intenso drama psicológico no qual fantasia e realidade se confundem colocando em dúvida sua ética moral.",-0.2793327083923024,8.306,-0.5835505893762112,28,0,0,1,0,0,0,0,0,0,0,0,0,0,0,0,0,1,0,0,2
1184918,Robô Selvagem,en,"Um robô – unidade ROZZUM 7134, abreviadamente “Roz” – naufraga em uma ilha desabitada e deve aprender a se adaptar ao ambiente hostil, gradualmente construindo relacionamentos com os animais da ilha e se tornando o pai adotivo de um filhote de ganso órfão.",0.8525851505973856,8.306,-0.27356279179425813,2,0,1,1,0,0,0,0,1,0,0,0,0,0,0,1,0,0,0,0,4
614945,Mensagens para Isabelle,en,"As mensagens de voz sinceronas de uma jovem para a irmã falecida acabam sendo enviadas para um estranho, que começa a se apaixonar por ela mesmo de longe.",-0.2471668704843452,8.302,-0.819736338555526,0,0,0,0,1,0,0,1,0,0,0,0,0,0,1,0,0,0,0,0,3
274,O Silêncio dos Inocentes,en,"Clarice Starling é uma das melhores estudantes da academia de treinamento do FBI. Jack Crawford quer que Clarice entreviste o Dr. Hannibal Lecter, um psiquiatra brilhante e também um psicopata violento, que cumpre prisão perpétua por vários atos de assassinato e canibalismo. Crawford acredita que Lecter pode ter uma visão em um caso e que Starling, como uma mulher jovem e atraente, pode ser a isca para atraí-lo.",-0.7660726412432661,8.3,0.8688814009040606,35,0,0,0,0,1,0,1,0,0,0,0,0,0,0,0,0,1,0,0,3
372754,Colegas de Classe,ja,"A história começa numa aula de música quando, durante o ensaio do coral para o festival escolar, Hikaru Kusakabe percebe que o estudante de honra da escola, Rihito Sajō, não está cantando. De início, ele pensa que o estudante simplesmente não gosta de cantar, até encontrar Rihito ensaiando numa sala vazia na escola. Sem pensar duas vezes, Kusakabe decide ajudar o colega a ensaiar o canto.",-0.7906238745043334,8.3,-0.8599483779322561,10,0,0,1,0,0,0,0,0,0,0,0,0,0,1,0,0,0,0,0,2
1356039,Contra-Ataque,es,"Uma missão de resgate faz surgir um novo inimigo, levando o capitão Guerrero e seus soldados de elite a enfrentar uma emboscada de um grupo criminoso.",-0.5212885917550382,8.3,-0.8222315963688791,1,1,1,0,0,0,0,0,0,0,0,0,0,0,0,0,0,1,0,0,3
637920,Milagre na Cela 7,tr,"Separado de sua filha, um homem com deficiência intelectual precisa provar sua inocência ao ser preso pela morte da filha de um comandante.",-0.8098262728327817,8.3,-0.46329835706345973,7,0,0,0,0,0,0,1,0,0,0,0,0,0,0,0,0,0,0,0,1
603,Matrix,en,"O jovem programador Thomas Anderson é atormentado por estranhos pesadelos em que está sempre conectado por cabos a um imenso sistema de computadores do futuro. À medida que o sonho se repete, ele começa a desconfiar da realidade. Thomas conhece os misteriosos Morpheus e Trinity e descobre que é vítima de um sistema inteligente e artificial chamado Matrix, que manipula a mente das pessoas e cria a ilusão de um mundo real enquanto usa os cérebros e corpos dos indivíduos para produzir energia.",0.8883843120828705,8.3,1.8495177215518614,27,1,0,0,0,0,0,0,0,0,0,0,0,0,0,1,0,0,0,0,2
1317149,Eu Juro,en,"John Davidson: diagnosticado com Tourette aos 15 anos, descrito como insano por seus colegas, ele lutou contra uma condição que poucos haviam testemunhado. O filme retrata os desafios de crescer em uma família operária, o bullying na escola e a violência física que sofreu devido aos seus tiques. Quando adulto, ele fez campanha pela síndrome de Tourette, culminando com o recebimento de um MBE (Ordem do Império Britânico) da Rainha em 2019.",-0.38324252589571844,8.3,-0.8511190041311602,1,0,0,0,0,0,0,1,0,0,1,0,0,0,0,0,0,0,0,0,2
533514,Violet Evergarden: O Filme,ja,"Com o fim da guerra, o avanço tecnológico traz mudanças à vida de Violet, que espera rever o major que a ajudou.",-0.6898861346008971,8.297,-0.8523666330378368,6,0,0,1,0,0,0,1,0,1,0,0,0,0,1,0,0,0,0,0,4
207,Sociedade dos Poetas Mortos,en,"Em 1959 na Welton Academy, uma tradicional escola preparatória, um ex-aluno se torna o novo professor de literatura, mas logo seus métodos de incentivar os alunos a pensarem por si mesmos cria um choque com a ortodoxa direção do colégio, principalmente quando ele fala aos seus alunos sobre a ""Sociedade dos Poetas Mortos"".",-0.13202530882589908,8.296,0.3381592582947106,37,0,0,0,0,0,0,1,0,0,0,0,0,0,0,0,0,0,0,0,1
101,O Profissional,fr,"Mathilda tem apenas 12 anos de idade mas já conhece o lado obscuro da vida: seu pai abusivo guarda drogas para policiais corruptos e a mãe a negligencia. O vizinho Léon gosta de cuidar de plantas, mas é um assassino de aluguel para o gângster Tony. Quando sua família é assassinada por um agente antidrogas desonesto, Mathilda se une a um relutante Léon para aprender o negócio mortal e vingar a morte da família.",0.06892014270852799,8.292,0.6784740354543408,32,1,0,0,0,1,0,1,0,0,0,0,0,0,0,0,0,0,0,0,3
820067,The Quintessential Quintuplets: O Filme,ja,Chega a época do festival escolar que marca também um dos últimos eventos do 3º ano do ensino médio. Fuutarou usa este evento para entregar uma resposta que as quíntuplas aguardam há muito tempo: quem é a escolhida dele.,-0.6545320350235724,8.286,-0.8606201781127742,4,0,0,1,1,0,0,0,0,0,0,0,0,0,1,0,0,0,0,0,3
644479,Dedicada a Minha Ex,es,"Ariel, um jovem de 21 anos, decide formar uma banda de rock para concorrer a um prêmio de dez mil dólares em um concurso de bandas musicais. Essa é a última opção para tentar conseguir dinheiro para salvar o relacionamento e reencontrar a ex-namorada, que termina devido à viagem que ela precisa fazer à Finlândia para um estágio. Ariel e seu amigo Ortega decidem fazer um teste para encontrar os outros membros da banda, embora eles não entendam nada de música, formando assim uma banda com membros de personalidades diversas e opostas.",-0.8452774768264322,8.285,-0.8550538337599094,7,0,0,0,1,0,0,1,0,0,0,0,0,0,0,0,0,0,0,0,2
42269,Nós Que Nos Amávamos Tanto,it,"Três italianos, Gianni, Nicola e Antonio se tornam muito amigos durante o ano de 1944 enquanto combatem os nazistas. Cheio de ilusões, eles se estabelecem depois da guerra. Os três amigos idealistas precisam lidar com a inevitável desilusões da vida no pós-guerra da Itália.",-0.8214990328786255,8.284,-0.8406581156059487,52,0,0,0,1,0,0,1,0,0,0,0,0,0,0,0,0,0,0,0,2
914,O Grande Ditador,en,"Depois de servir com dedicação na 1ª Guerra, um barbeiro judeu passa anos em um hospital do exército, sem saber da ascensão de um ditador fascista antissemita, que se parece muito com ele. Ao voltar para o seu bairro, ele fica atordoado com as mudanças brutais e se une a uma menina para se rebelar.",-0.5630232606884443,8.284,-0.5395956632794513,86,0,0,0,1,0,0,0,0,0,0,0,0,0,0,0,0,0,1,0,2
3082,Tempos Modernos,en,"Sujeito ao ritmo de produção infernal da fábrica, o Vagabundo tem um súbito colapso nervoso. Do hospital, ele vai para a prisão e fica desempregado, sempre cercado pela industrialização moderna. Certo dia, ele se depara com uma menina órfã.",-0.5945295977688547,8.282,-0.5032224820771106,90,0,0,0,1,0,0,1,0,0,0,0,0,0,1,0,0,0,0,0,3
654299,Como caído del cielo,es,,-0.8555705449569785,8.279,-0.8668583226461571,7,0,0,0,1,0,0,1,0,0,0,0,1,0,0,0,0,0,0,0,3
1439930,O Justiceiro: Uma Última Morte,en,"Enquanto Frank Castle busca um significado além da vingança, uma força inesperada o arrasta de volta para a luta.",0.7099994532748297,8.276,-0.6924781900745136,0,1,0,0,0,1,0,1,0,0,0,0,0,0,0,0,0,0,0,0,3
1585,A Felicidade Não Se Compra,en,"Em Bedford Falls, no Natal, George Bailey, que sempre ajudou a todos, pensa em se suicidar saltando de uma ponte, em razão das maquinações de Henry Potter, o homem mais rico da região. Mas tantas pessoas oram por ele que Clarence, um anjo que espera há 220 anos para ganhar asas, é mandado à Terra para tentar fazer George mudar de ideia, mostrando sua importância para todos através de flashbacks.",-0.541449896194705,8.275,-0.419631345329779,80,0,0,0,0,0,0,1,1,1,0,0,0,0,0,0,0,0,0,0,3
599,Crepúsculo dos Deuses,en,"Uma estrela veterana do cinema mudo se recusa a aceitar que seu reinado acabou. Então ela contrata um jovem roteirista para ajudá-la a reconquistar o sucesso. O escritor acredita que pode manipular a atriz, mas percebe que está redondamente enganado.",-0.627298292261502,8.272,-0.614741312043126,76,0,0,0,0,0,0,1,0,0,0,0,0,0,0,0,0,0,0,0,1
77338,Intocáveis,fr,"Quando um ex-presidiário é contratado para cuidar de um aristocrata francês, seu novo trabalho se torna uma aventura imprevisível. Acelerar uma Maserati em Paris, seduzir mulheres, e fazer parapente sobre os Alpes é apenas o começo, pois ele vira o mundo da classe alta de Paris de cabeça para baixo.",-0.04353890944891484,8.272,0.8990164375730183,15,0,0,0,1,0,0,1,0,0,0,0,0,0,0,0,0,0,0,0,2
335,Era uma Vez no Oeste,it,"Enquanto os construtores ferroviários marcham imparavelmente através do deserto de Arizona a caminho do mar, Jill chega à pequena cidade de Flagstone com a intenção de começar uma nova vida.",-0.44162655621167096,8.264,-0.42030314551029724,58,0,0,0,0,0,0,1,0,0,0,0,0,0,0,0,0,0,0,1,2
18491,Neon Genesis Evangelion: O Fim do Evangelho,ja,"Um final alternativo para a série de anime ""Neon Genesis Evangelion"". Em The End of Evangelion, A SEELE ordena um ataque à NERV para destruir os EVAs antes que Gendo consiga provocar o Terceiro Impacto e a união das almas humanas.",-0.530865514815181,8.263,-0.7170468823906064,29,1,0,1,0,0,0,1,0,1,0,0,0,0,0,1,0,0,0,0,5
92321,Hotarubi no Mori e,ja,"A história se foca em uma pequena garota chamada Hotaru. Ela se perde em uma floresta popularmente conhecida por ser habitada por espíritos. Lá, Hotaru se depara com um jovem usando uma máscara de raposa. Ele se diz um espírito amaldiçoado que desaparecerá se um humano o tocar.",-1.0344773400027714,8.262,-0.7849946720773009,15,0,0,1,0,0,0,0,0,1,0,0,0,0,1,0,0,0,0,0,3
28,Apocalypse Now,en,"Durante a guerra do Vietnã, o Capitão Willard recebe como missão ir ao Camboja para assassinar um Boina Verde renegado, o Coronel Kurtz. Este vive no meio de uma tribo local e é venerado como um deus. Mas, chegado ao seu destino, o Capitão Willard descobre que a sua missão é bem diferente do que imaginara.",-0.18703496067452632,8.261,-0.005610491221870188,47,0,0,0,0,0,0,1,0,0,0,0,0,0,0,0,0,0,1,0,2
1139087,Era uma vez um Estúdio,en,Um reencontro inesquecível de personagens adorados dos 100 anos da Disney Animation.,-0.7684759755473324,8.256,-0.8611960068389326,3,0,0,1,1,0,0,1,1,1,0,0,0,0,0,0,0,0,0,0,5
92060,Michael Jackson: Thriller,en,"Uma noite no cinema se transforma em um pesadelo quando Michael e seu par são atacados por uma horda de zumbis sedentos de sangue - apenas um ""Thriller"" pode salvá-los agora.",-0.8463901315968332,8.254,-0.827797940721744,43,0,0,0,0,0,0,0,0,0,0,1,1,0,0,0,0,1,0,0,3
652837,"Josee, o Tigre e o Peixe",ja,"Depois de fazer amizade com um estudante de biologia marinha, uma artista sarcástica que vive com paraplegia começa a vivenciar o mundo além de sua casa.",-0.8279605225816451,8.252,-0.8442090594172591,6,0,0,1,0,0,0,1,0,0,0,0,0,0,1,0,0,0,0,0,3
8587,O Rei Leão,en,"Mufasa, o Rei Leão, e a rainha Sarabi apresentam ao reino o herdeiro do trono, Simba. O recém-nascido recebe a bênção do sábio babuíno Rafiki, mas ao crescer é envolvido nas artimanhas de seu tio Scar, o invejoso e maquiavélico irmão de Mufasa, que planeja livrar-se do sobrinho e herdar o trono.",0.3032209612509047,8.251,1.0269463862345487,32,0,0,1,0,0,0,1,1,0,0,0,0,0,0,0,0,0,0,0,3
975,Glória Feita de Sangue,en,"Depois de se recusar a atacar uma posição inimiga, um general acusa os soldados da covardia e seu comandante deve defendê-los.",-0.7136848086354385,8.251,-0.5811513030172177,69,0,0,0,0,0,0,1,0,0,0,0,0,0,0,0,0,0,1,0,2
630566,Clouds,en,"O jovem músico Zach Sobiech descobre que tem apenas alguns meses de vida devido a um câncer terminal. Com pouco tempo, corre atrás de seu sonho e grava um álbum, sem saber que logo será um fenômeno da Internet. Assim, a música dá um novo significado à vida de Zach e o ajuda a encontrar a maneira perfeita de se despedir... com uma música que será ouvida no mundo todo.",-0.8965445626291652,8.25,-0.8020775909533342,6,0,0,0,0,0,0,1,0,0,0,0,1,0,0,0,0,0,0,0,2
901,Luzes da Cidade,en,"Um vagabundo amável se apaixona por uma mulher cega que vende flores nas ruas e o confunde com um milionário. Ao descobrir que ela e a avó serão despejadas, o vagabundo faz uma série de tentativas para lhes proporcionar o dinheiro de que precisam, mas todas terminam em um fracasso humilhante.",-0.8250312060224803,8.248,-0.6610955244988793,95,0,0,0,1,0,0,1,0,0,0,0,0,0,1,0,0,0,0,0,3
29259,A Um Passo da Liberdade,fr,"Quatro detentos estão planejando fugir da prisão quando outro prisioneiro, Claude Gaspard, é transferido para a cela deles. Eles arriscam e resolvem compartilhar seu plano com o recém-chegado. Ao longo de três dias, os cinco homens começam a jornada, mas a fuga está longe de estar garantida.",-0.8538267114804591,8.246,-0.8469922315936914,66,0,0,0,0,1,0,1,0,0,0,0,0,0,0,0,0,1,0,0,3
